item,itemLabel,party,partyLabel,constituency,constituencyLabel,startDate,endDate,gender,psid
Q104531225,Abass Adigun,Q1551163,PDP,Q59681463,Ibadan North East/Ibadan South East,2019-06-11,,male,Q104531225-9C93C173-2F78-4976-81E5-21AC21462A27
Q111141384,Abdulganiyu Saka Cook Olododo,Q4729266,APC,Q59681303,Ilorin East/Ilorin South,2019-06-11,,,Q111141384-943C7803-B03D-47E8-BC79-A4458A0BE8A4
Q111141422,Abdulkadir Rahis,Q4729266,APC,Q59681053,Maiduguri (Metropolitan),2019-06-11,,,Q111141422-981E609F-0589-41F2-90FF-0EBDBE39E5FC
Q111141429,Abdulkareem Usman Isah,Q4729266,APC,,,2019-06-11,,,Q111141429-F05BDF06-3428-46EA-904E-4A959AD3D4EF
Q111141430,Abdulkarim Usman,Q1551163,PDP,Q59681359,Akwanga/Nassarawa Eggon/Wamba,2019-06-11,,,Q111141430-945053D8-E53C-4F40-9E07-98A03CFC7735
Q4666128,Abdullahi Balarabe Salame,Q4729266,APC,Q59681505,Illela/Gwadabawa,2019-06-11,,male,Q4666128-30B0B593-4EA1-40FF-800E-5A74B07DD985
Q35538977,Abdullahi Garba,Q4729266,APC,Q59681388,Kontagora/Wushishi/Mariga/Mashegu,2019-06-11,,male,Q35538977-528CFA79-907C-491B-8E54-9CE05E551B69
Q104479987,Abdullahi Mahmud Gaya,Q4729266,APC,Q59681204,Alabasu/Gaya/Ajingi,2019-06-11,,male,Q104479987-76E21EC2-85AA-4035-BB65-C943C85B0304
Q111141431,Abdullahi Mamudu,Q4729266,APC,Q59681370,Agaie/Lapai,2019-06-11,,,Q111141431-0A0220E7-C28D-49EF-8694-7BE3CB3598E3
Q111141433,Abdullahi Sa'ad Abdulkadir,Q4729266,APC,Q59680999,Ningi/Warji,2019-06-11,,,Q111141433-121A2DB3-18E0-4E0B-8F4A-83766DCD78B3
Q4666159,Abdulmumin Jibrin,Q4729266,APC,Q59681206,Bebeji/Kiru,2019-06-11,2019-11-01,male,Q4666159-2190E8E0-B3CC-4BF5-B51C-9710FA55B902
Q111141434,Abdulmumin Muhammed Ari,Q4729266,APC,Q59681369,Nassarawa/Toto,2019-06-11,,,Q111141434-7991C005-8D5C-4634-862B-522FFC0F6038
Q104521447,Abdulrauf Abdulkadir Modibbo,Q4729266,APC,Q59680943,Yola North/Yola South/Girei,2019-06-11,2019-06-30,male,Q104521447-7F5306CB-F3E6-4F77-9D19-3DBE113B97C4
Q35538173,Abdulrazak Namdas,Q4729266,APC,,,2019-06-11,,male,Q35538173-B66E5307-D92E-49DA-8207-523E93F0DD71
Q104521800,Abdulsalam Gambo Mubarak,Q4729266,APC,Q59681515,Bali/Gassol,2019-07-16,,male,Q104521800-7D1B36B9-3321-490F-94FC-F0187CA4353B
Q111141435,Abdulyekeen Alajagusi,Q4729266,APC,,,2019-06-11,,,Q111141435-0CC8A75B-BBF7-4A42-94C6-D8374B3CBF77
Q78170274,Abiodun Faleke,Q4729266,APC,Q59681330,Ikeja,2019-06-11,,male,Q78170274-0FD0D118-5E5C-43D5-8F1B-3B79D1936BC7
Q77569924,Abiola Makinde,Q60143323,ADC,Q59681422,Ondo East/Ondo West,2019-06-11,2021-02-23,male,Q77569924-1F9A08FB-62E4-4257-AE37-743E791C0365
Q77569924,Abiola Makinde,Q4729266,APC,Q59681422,Ondo East/Ondo West,2021-02-23,,male,Q77569924-3AC10C2C-F38F-49C9-A284-F06A6078DFC0
Q111141437,Abubakar Abdullahi Ahmed,Q1551163,PDP,Q59681509,Sokoto North/Sokoto South,2020-01-30,,,Q111141437-F8D8CA2E-F873-46FE-8CCE-55D395313C12
Q35539282,Abubakar Hassan Fulata,Q4729266,APC,,,2019-06-11,,male,Q35539282-F00C90F0-74E5-4474-BABC-568039EAA7B6
Q104525030,Abubakar Kabir Abubakar,Q4729266,APC,Q59681207,Bichi,2019-06-11,,male,Q104525030-6191D039-B76F-4BAC-AF4F-7934CAB79348
Q111141438,Abubakar Kani Faggo,Q4729266,APC,Q59681010,Shira/Giade,2019-06-11,,,Q111141438-E7DC2CC4-3A00-4BB4-907F-F3D953469878
Q35539437,Abubakar Lado,Q4729266,APC,Q59681382,Gurara/Suleja/Tapa,2019-06-11,,male,Q35539437-5EC76035-675E-4365-B5DA-BBCE55E89189
Q111141439,Abubakar Nalaraba,Q4729266,APC,Q59681364,Awe/Doma/Keana,2019-06-11,,,Q111141439-7B739097-B898-45A4-BCE4-B6C26795FA34
Q35537514,Abubakar Sarki Dahiru,Q4729266,APC,Q59681367,Lafia/Obi,2019-06-11,,male,Q35537514-EFEC8FB0-E8C5-4F59-8985-DD5A424EC2FD
Q111141441,Abubakar Umar Yabo,Q4729266,APC,Q59681513,Yabo/Shagari,2019-06-11,,,Q111141441-A1A12F0A-D4B0-4C79-B746-2FC5D677EEB6
Q104530957,Abubakar Yahaya Kusada,Q4729266,APC,Q59681255,Ingawa/Kankia/Kusada,2019-06-11,,male,Q104530957-FC29973D-DDF8-45FA-9F9E-79CA9EE95D28
Q111141443,Abubakar Yerima Idris,Q4729266,APC,Q59681530,Fika/Fune,2019-06-11,,,Q111141443-5428152A-C35C-48A7-8E13-8D888A2E6ABD
Q104531081,Adebayo Olusegun Balogun,Q4729266,APC,,,2019-06-11,,male,Q104531081-19F926D0-3643-45CB-8B79-51BF46B7ABA2
Q108284539,Adedayo Omolafe,Q4729266,APC,Q59681410,Akure North/Akure South,2019-06-11,2021-08-16,male,Q108284539-FF6ADD7B-4A47-42D3-BB8B-831533656AA4
Q111141444,Adedeji Stanley Olajide,Q1551163,PDP,,,2019-06-11,,,Q111141444-D4FD6F9F-A1D3-4F01-9D09-003A3A29D2E4
Q111141446,Adejoro Adeogun,Q4729266,APC,Q59681409,Akoko South East/Akoko South West,2019-06-11,,,Q111141446-50BAAA4A-764E-4DA4-9739-BA0A03CA5941
Q23414656,Adekoya Adesegun Abdel-Majid,Q1551163,PDP,Q59681402,Ijebu North/Ijebu East/Ogun Waterside,2019-06-11,,male,Q23414656-1F45E5B8-C981-4234-8272-4B4E4C7B9061
Q111141447,Ademorin Kuye,Q4729266,APC,,,2019-06-11,,,Q111141447-AA8F404C-02E2-442A-9BB9-1CA69B0F915A
Q96003761,Adewunmi Onanuga,Q1551163,PDP,Q59681405,Ikenne/Shagamu/Remo North,2019-06-11,,female,Q96003761-DF095A53-2298-454A-8BD0-7D1356BD5AE3
Q111141449,Adeyemi Taofeek Alli,Q4729266,APC,Q59681341,Mushin I,2019-06-11,,,Q111141449-504AD777-E987-409C-B762-6B343F05ED80
Q111141450,Ado Sani Kiri,Q4729266,APC,Q59681175,Ringim/Taura,2019-06-11,,,Q111141450-70DB9D3D-F312-4624-A671-E43311165B94
Q35538185,Agom Jarigbe,Q1551163,PDP,Q59681068,Ogoja/Yala,2019-06-11,2021-09-15,male,Q35538185-98F5098F-EB25-4D6F-B74A-B10B5A7587B2
Q111141451,Ahmad Abdullahi Kalambaina,Q4729266,APC,Q59681508,Kware/Wamakko,2019-06-11,,,Q111141451-B624C6C3-41FD-4B46-AF5F-7342ACC79EFB
Q111141452,Ahmadu Usman Jaha,Q4729266,APC,Q59681043,Damboa/Gwoza/Chibok,2019-06-11,,,Q111141452-7829342D-5D32-4E4B-A738-2EFD144363D1
Q111141453,Ahmed Abubakar Ndakene,Q4729266,APC,Q59681301,Edu/Moro/Pategi,2019-06-11,,,Q111141453-CFBD0E84-6482-4A73-A4D9-76B0DF8846B4
Q111141454,Ahmed Bakura Muhammad,Q1551163,PDP,Q59681545,Bakura/Maradun,2019-06-11,2021-07-06,,Q111141454-67931C37-0CE5-4EFC-97F0-FC496BF9B3D0
Q111141454,Ahmed Bakura Muhammad,Q4729266,APC,Q59681545,Bakura/Maradun,2021-07-06,,,Q111141454-8DEAA358-3C9D-4B11-A0B9-5499B07C6F8D
Q35539466,Ahmed Dayyabu Safana,Q4729266,APC,Q59681248,Batsari/Safana/Danmusa,2019-06-11,,,Q35539466-780C062C-B668-409E-8FAE-E5745595C2F9
Q5261085,Ahmed Idris Wase,Q4729266,APC,Q59681477,Wase,2019-06-11,,male,Q5261085-C24028A9-76C4-4C59-8D24-90762D1AF0E2
Q111141455,Ahmed Madaki Gololo,Q1551163,PDP,Q59681008,Gamawa,2020-02-04,,,Q111141455-5C8FBE50-6D8D-4711-8977-51BFBC10A2E4
Q111141456,Ahmed Munir,Q4729266,APC,Q59681186,Lere,2021-09-15,,,Q111141456-8B800E83-79E5-4CBD-9B80-2F379E4FC5E3
Q111141457,Ahmed Usman Liman,Q4729266,APC,Q59681264,Matazu/Musawa,2019-06-11,,,Q111141457-357102E0-3604-4A13-B7A1-1FCF9B89C1AA
Q35537790,Aishatu Dukku,Q4729266,APC,Q59681139,Dukku/Nafada,2019-06-11,,female,Q35537790-156D01E1-B28B-4C00-9BB3-3788F899CEAF
Q35538678,Aisowieren Patrick,Q4729266,APC,Q59681101,Orhionmwon/Uhunmwonde,2019-06-11,,,Q35538678-F1EF2EC8-39B3-45D1-BC12-3776C52D90B8
Q111141458,Ajibola Muraina,Q1551163,PDP,Q59681447,Ibarapa Central/Ibarapa North,2019-06-11,,,Q111141458-13A64220-EE9B-445D-B64E-43D7F17AD8F2
Q35537525,Akeem Adeyemi,Q4729266,APC,,,2019-06-11,,male,Q35537525-700D198B-B117-4EA0-B8FF-F60697D94B4E
Q19667180,Akinola Adekunle Alabi,Q4729266,APC,Q59681443,Egbeda/Ona-Ara,2019-06-11,,male,Q19667180-A751E5F3-EC44-4F36-B00B-D81F95A25146
Q111141459,Alex Egbona,Q4729266,APC,Q59681055,Yakurr/Abi,2019-06-11,2019-11-02,,Q111141459-312E771D-FD37-40C3-B627-A98262F0B046
Q111141459,Alex Egbona,Q4729266,APC,Q59681055,Yakurr/Abi,2020-01-29,,,Q111141459-F9451F0E-1A46-4C2D-8879-950304ACF405
Q20740791,Alhassan Doguwa,Q4729266,APC,Q59681218,Doguwa/Tudun Wada,2019-06-11,2019-11-04,male,Q20740791-6AD14336-149B-4BCE-9436-FF14C53FA544
Q20740791,Alhassan Doguwa,Q4729266,APC,Q59681218,Doguwa/Tudun Wada,2020-01-29,,male,Q20740791-AB7D6395-A540-4DEC-8B12-2754F16DF3DE
Q107596091,Ali Abdullahi Ibrahim,Q4729266,APC,Q59681285,Ankpa/Omala/Olamaboro,2019-06-11,,male,Q107596091-EC0893EE-1145-403C-A352-9D65BFCF6255
Q111141460,Ali Datti-Yako,Q1551163,PDP,Q59681206,Bebeji/Kiru,2020-01-29,2020-12-15,,Q111141460-0725026F-F722-45DB-AA8F-63D7A041003C
Q111141460,Ali Datti-Yako,Q4729266,APC,Q59681206,Bebeji/Kiru,2020-12-15,,,Q111141460-E2555D78-8F21-4557-A9D4-571DE5B23E09
Q35536888,Aminu Ashiru Mani,Q4729266,APC,Q59681250,Bindawa/Mani,2019-06-11,,,Q35536888-3424DAC5-B5BB-46F8-84F4-502135DB035E
Q111141461,Aminu Sulaiman,Q4729266,APC,Q59681236,Fagge,2019-06-11,,,Q111141461-048F2334-D23E-43AC-8224-4251B919D600
Q35539756,Amiruddin Tukur,Q4729266,APC,Q59681244,Bakori/Danja,2019-07-25,,,Q35539756-73568851-A6A5-4FF2-9BC4-1D40318711F1
Q111141464,Amobi Yinusa Akintola,Q4729266,APC,Q59681439,Ayedire/Iwo/Ola-Oluwa,2019-06-11,,,Q111141464-E9C6C710-1F0D-4346-ABFB-CAC3A5805E0E
Q111141465,Amos Gwamna Magaji,Q1551163,PDP,Q59681202,Zangon Kataf/Jaba,2019-06-11,,,Q111141465-E7E22721-0E69-48C3-845C-862601D13112
Q111141466,Aniekan Umanah,Q1551163,PDP,Q59680974,Abak/Etim Ekpo/Ika,2019-06-11,,,Q111141466-5BCDA6CA-A249-4811-ABEF-08A98BB3B3D4
Q111141467,Armaya'u Abdulkadir,Q4729266,APC,Q59681252,Dutsin-ma/Kurfi,2019-06-11,,,Q111141467-34D071DA-4706-42D1-9DD2-CBE3A54F3444
Q35539882,Awaji-inombek Abiante,Q1551163,PDP,,,2019-06-11,,,Q35539882-5267D386-BCF6-4F6E-89B4-2C2082C53581
Q35539804,Babajimi Benson,Q4729266,APC,Q59681332,Ikorodu,2019-06-11,,,Q35539804-807B2B55-9FB5-48C8-A573-02787B7366CF
Q111141470,Babangida Alhassan Abdullahi,Q4729266,APC,Q59681211,Dala,2019-06-11,,,Q111141470-44CB26C7-1163-428A-9756-DAB51AA4719F
Q35539224,Babangida Ibrahim,Q4729266,APC,Q59681259,Malumfashi/Kafur,2019-06-11,,,Q35539224-98FADB2C-B8CA-441E-92E4-BB3D74CD2411
Q97483725,Babatunde Hunpe,Q4729266,APC,Q59681319,Badagry,2019-06-11,,,Q97483725-EACF7511-AEE6-47AF-9B6D-A956E5DCA997
Q35537883,Badamasi Ayuba,Q4729266,APC,Q59681215,Dambatta/Makoda,2019-06-11,,,Q35537883-7D069C47-7377-43E3-91ED-0CCD7C355C9E
Q111141471,Bala Kokani,Q4729266,APC,Q59681514,Kebbe/Tambuwal,2019-06-11,,,Q111141471-61E4E223-C27D-4319-9267-4E60CD6D7D27
Q109561665,Balarabe Shehu Kakale,Q1551163,PDP,,,2019-11-26,,male,Q109561665-D26A70F9-E959-4C1F-9881-4CC68E84601C
Q111141472,Bamidele Salam,Q4729266,APC,,,2019-06-11,,,Q111141472-7A49CC2E-CF36-418C-9A7C-BCF9A08A2FA6
Q111141473,Basher Isah,Q4729266,APC,Q59681267,Argungu/Augie,2019-06-11,,,Q111141473-6DF6087B-8E65-4471-BEE8-06A00FCC0FC7
Q111141475,Bashir Uba Mashema,Q4729266,APC,,,2019-06-11,,,Q111141475-7B64E297-0C1F-4FF0-BA0B-29C61F8AF392
Q111141477,Bashiru Dawodu,Q4729266,APC,Q59681352,Oshodi/Isolo I,2019-06-11,,,Q111141477-2E36B3D6-C03F-459C-B8BA-976A0D3BE087
Q71725691,Bede Eke,Q1551163,PDP,Q59681148,Aboh Mbaise/Ngor Okpala,2019-06-11,,male,Q71725691-40E4DEEE-78E6-44CC-AFCB-17899C513F9B
Q111141478,Bello Hassan Shinkafi,Q1551163,PDP,Q59681534,Shinkafi/Zurmi,2019-06-11,2021-07-06,,Q111141478-E7DBF221-0BF2-465E-AD5D-CAA6EFBC32D0
Q111141478,Bello Hassan Shinkafi,Q4729266,APC,Q59681534,Shinkafi/Zurmi,2021-07-06,,,Q111141478-3D6AD47C-ABBF-49E5-9A8E-B715E3A16AEB
Q111141482,Bello Kaoje,Q4729266,APC,Q59681268,Bagudo/Suru,2019-06-11,,,Q111141482-C5580B7E-32FC-4F73-8451-89D9A908EB0E
Q111141483,Ben Igbakpa,Q1551163,PDP,Q59681071,Ethiope East/Ethiope West,2019-06-11,,,Q111141483-0813092A-81B8-4DC0-8F7E-20227689B9EE
Q17385635,Beni Lar,Q1551163,PDP,Q59681478,Langtang North/Langtang South,2019-06-11,,female,Q17385635-3995290B-938B-4613-87D6-1EC12E7CA83D
Q107062536,Benjamin Kalu,Q4729266,APC,Q59680915,Bende,2019-06-11,,male,Q107062536-607049B7-9CC6-4A7C-BC21-EC3A55D95B8C
Q111141484,Benjamin Mzondu,Q1551163,PDP,Q59681029,Guma/Makurdi,2019-06-11,,,Q111141484-2E6558B3-49EC-4D0E-8C05-D5543CFE94A3
Q102199040,Blessing Onuh,Q4729271,APGA,Q59681038,Otukpo/Ohimini,2019-06-11,2020-12-08,female,Q102199040-BA9D621B-F917-4DAD-8240-83C88E5D7048
Q102199040,Blessing Onuh,Q4729266,APC,Q59681038,Otukpo/Ohimini,2020-12-08,,female,Q102199040-64A8B031-2727-4261-A7A7-F0B380AA8912
Q35538044,Bolaji Ayinla,Q4729266,APC,Q59681342,Mushin II,2019-06-11,,male,Q35538044-F647B21E-3FAB-4CDD-8E69-0219672CD17A
Q111141485,Boma Goodhead,Q1551163,PDP,Q59681486,Akuku-Toru/Asari-Toru,2019-06-11,,,Q111141485-4C577710-3C22-4136-A2DD-FEB4C68CA305
Q20676550,Boniface S. Emerengwa,Q1551163,PDP,,,2019-06-11,,male,Q20676550-0F182C9D-E849-4884-830C-E3AC86DA5993
Q111141486,Bukar Gana Kareto,Q4729266,APC,,,2019-06-11,,,Q111141486-F75DFD0F-C218-4629-96F0-F7763E567B86
Q111141487,Chimaobi Ebisike,Q1551163,PDP,Q59680913,Aba North/Aba South,2021-04-21,,,Q111141487-17015BA2-6F7A-4F04-B547-AA7484844E24
Q35538233,Chinda Ogundu,Q1551163,PDP,,,2019-06-11,,male,Q35538233-42947DB1-B5BA-45D4-9BF9-C88C0A623BBC
Q111141489,Chinedu Obidigwe,Q4729271,APGA,Q59680945,Anambra East/Anambra West,2019-06-11,,,Q111141489-017FB137-6797-4510-9294-A8E24F981D76
Q111141490,Chinedu Ogah,Q4729266,APC,Q59681088,Ezza South/Ikwo,2019-11-19,,,Q111141490-2D56C35B-0462-44F8-A0DD-AC41DE6013B7
Q23409635,Chinyere Igwe,Q1551163,PDP,Q59681500,Port Harcourt II,2019-06-11,,male,Q23409635-59CE95A3-818E-4F61-891F-607FA259C42A
Q65548435,Chisom Dike,Q1551163,PDP,,,2019-06-11,2021-09-16,male,Q65548435-D8A0E3A5-2D26-44C2-868B-0BA4F9FB1B1B
Q65548435,Chisom Dike,Q4729266,APC,,,2021-09-16,,male,Q65548435-B6310644-B317-4E45-9820-42538B6480B2
Q111141491,Chris Emeka Azubogu,Q1551163,PDP,Q59680966,Nnewi North/Nnewi South/Ekwusigo,2019-06-11,2021-09-30,,Q111141491-CDB86766-52AE-418D-AF62-3AD47158FB79
Q111141491,Chris Emeka Azubogu,Q4729266,APC,Q59680966,Nnewi North/Nnewi South/Ekwusigo,2021-09-30,,,Q111141491-B89F7A31-5D49-4AA3-9FED-D0C786ADE385
Q111141492,Chris Ngoro Adigbe,Q1551163,PDP,,,2019-06-11,,,Q111141492-056CAC23-DAB3-4F43-97D9-00D9EA0F4B5E
Q66901800,Chukwuemeka Nwajiuba,Q4672709,A,Q59680959,Aguata,2019-06-11,2019-07-24,male,Q66901800-1A1726E4-B1C2-4C3B-AC88-EC06CA066E43
Q66901800,Chukwuemeka Nwajiuba,Q4729266,APC,Q59680959,Aguata,2019-07-24,2019-08-07,male,Q66901800-7FC7AAA4-1F8B-4491-948D-8BFA5CDDBBC9
Q35539769,Chukwuka Onyema,Q1551163,PDP,Q59680955,Ogbaru,2019-06-11,,,Q35539769-C8B99070-F013-4320-98D6-C63A1A9B5405
Q108028236,Chukwuma Micheal Umeoji,Q4729271,APGA,,,2019-06-11,2021-10-30,male,Q108028236-727AAD9D-1396-456C-9345-C9CFDDA290D1
Q108028236,Chukwuma Micheal Umeoji,Q4729266,APC,,,2021-10-30,,male,Q108028236-D89F5A7E-D97C-4A27-AFEE-E22EE313B6BB
Q35536492,Chukwuma Nwazunku,Q1551163,PDP,Q59681083,Ebonyi/Ohaukwu,2019-06-11,,,Q35536492-0680FDD2-CA68-4861-A81D-57B6B7308440
Q111141493,Cornelius Nnaji,Q1551163,PDP,,,2019-06-11,,,Q111141493-E729F5E6-CF96-43FE-8E9B-05533A2CE45F
Q107528203,Dachung Musa Bagos,Q1551163,PDP,Q59681468,Jos South/Jos East,2019-06-11,,male,Q107528203-F3DEB3D5-2654-4FE5-A997-463639609A73
Q35539838,Daniel Effiong Asuquo,Q1551163,PDP,Q59681056,Akamkpa/Biase,2019-06-11,,male,Q35539838-BB37A366-E3FF-4E20-824F-062C3D1F3258
Q35537718,Danladi Baido,Q1551163,PDP,Q59681520,Karim Lamido/Lau/Ardo-Kola,2019-06-11,,,Q35537718-CA905267-A288-468C-A14E-CC167EFBC960
Q35539317,Darlington Nwokocha,Q1551163,PDP,Q59680916,Isiala Ngwa North/Isiala Ngwa South,2019-06-11,,,Q35539317-B79EA7C6-37C6-45C5-9083-0FDB6AF3580E
Q111141494,David Abel Fuoh,Q1551163,PDP,,,2019-06-11,2020-10-07,,Q111141494-C94CD50A-7D4C-4B5D-BEF8-26EF4B36A961
Q111141494,David Abel Fuoh,Q4729266,APC,,,2020-10-07,,,Q111141494-A0FCA368-82A9-4CE7-8D0A-B28EE76E83D6
Q111141498,David Agada Ogewu,Q4729271,APGA,Q59681037,Oju/Obi,2019-09-24,2019-10-18,,Q111141498-266DC2FD-F743-4F67-A01A-AC08A3007108
Q68621515,David Idris Zacharias,Q4729266,APC,,,2019-06-11,,male,Q68621515-E4A9C9BA-5386-4366-82AF-C2B9D7ED1AF4
Q111141500,Dennis Idahosa,Q1551163,PDP,Q59681102,Ovia North East/Ovia South West,2019-06-11,,,Q111141500-0204A054-D133-46C9-9297-EC3C721EB4FE
Q35538727,Dennis Oguerinwa Amadi,Q1551163,PDP,Q59681121,Ezeagu/Udi,2019-06-11,,male,Q35538727-87EF2AD1-B4E9-4729-9706-9FBC82E5A6B7
Q19957516,Dogara Yakubu,Q1551163,PDP,,,2019-06-11,2020-06-24,male,Q19957516-5175C0F9-F6AD-4672-84E3-84F05458458B
Q19957516,Dogara Yakubu,Q4729266,APC,Q59680996,Bogoro/Dass/Tafawa Balewa,2020-06-24,,male,Q19957516-CEC96DAE-6249-4EE0-9A9A-DE8857C74127
Q111141501,Dozie Nwankwo,Q4729271,APGA,Q59680963,Njikoka/Dunukofia/Anaocha,2019-11-21,,,Q111141501-23C2E970-1F54-4626-984F-9B48CAF1561A
Q40663695,Dum Dekor,Q1551163,PDP,Q59681490,Khana/Gokana,2019-06-11,,male,Q40663695-2D27C857-EE8F-4A0D-A053-5452B8BD9B03
Q35537842,Edwin Anayo,Q1551163,PDP,Q59681087,Ezza North/Ishielu,2019-06-11,,male,Q35537842-C59F1968-F13E-4018-B384-228A1CCB36FA
Q111141502,Efe Afe,Q1551163,PDP,Q59681076,Okpe/Sapele/Uvwie,2019-06-11,,,Q111141502-5CBCCF68-8845-43BB-AE58-0F147687F2AC
Q111141503,Emeka Chinedu,Q1551163,PDP,Q59681152,Ahiazu Mbaise/Ezinihitte,2019-06-11,,,Q111141503-4ECD543C-A6DA-4540-895F-BD0DDFA3E877
Q111141505,Emmanuel Ukpong-udo,Q1551163,PDP,Q59680978,Ikono/Ini,2019-06-11,,,Q111141505-5C799643-C916-44F7-BA7D-7C9151D3C0DD
Q35537872,Enitan Badru,Q4729266,APC,Q59681334,Lagos Island I,2019-06-11,,male,Q35537872-D7DA9076-7FD2-4B32-AFC6-409372BC3CE9
Q27063414,Ephraim Nwuzi,Q1551163,PDP,,,2019-06-11,2020-10-07,male,Q27063414-A526ACF0-3F5A-456B-8BEB-579D45685E75
Q27063414,Ephraim Nwuzi,Q4729266,APC,Q59681492,Etche/Omuma,2020-10-07,,male,Q27063414-61D9C1C4-687D-41C4-968E-6798E4BFD0D9
Q35538952,Essien Ayi,Q1551163,PDP,,,2019-06-11,,,Q35538952-C412638B-9295-4D1E-B18E-E10035609B4C
Q35539522,Eta Mbora Edim,Q1551163,PDP,Q59681059,Calabar Municipal/Odukpani,2019-06-11,,,Q35539522-48ECA138-EB60-4742-9798-FA4AD3610652
Q64756796,Farah Dagogo,Q1551163,PDP,Q59681483,Degema/Bonny,2019-06-11,,male,Q64756796-7F15F9DA-E76C-493E-9E57-BDE250ECB3EF
Q111141506,Fatahu Muhammad,Q4729266,APC,Q59681251,Daura/Sandamu/Mai’adua,2019-06-11,,,Q111141506-E38F624E-A72D-49E1-B8B0-4353BB14F0A1
Q5442793,Femi Gbaja Biamila,Q4729266,APC,Q59681357,Surulere I,2019-06-11,,male,Q5442793-BBC61E54-CDC3-4AB9-9181-C00F1394764D
Q98153229,Francis E. Waive,Q4729266,APC,,,2019-06-11,,male,Q98153229-DBBA4B6C-86A9-4577-B0D0-82013EDFEBBA
Q111141507,Francis Ottah Agbo,Q1551163,PDP,,,2019-06-11,,,Q111141507-BF610F18-E488-450B-A127-19BDEF8AD01A
Q35538997,Francis Uduyok,Q1551163,PDP,Q59680979,Ikot Abasi/Mkpat Enin/Eastern Obolo,2019-06-11,,,Q35538997-7A45FFAD-9D5A-4BF9-89ED-0AC7D371FB07
Q79234960,Fred Agbedi,Q1551163,PDP,Q59681015,Sagbama/Ekeremor,2019-06-11,,male,Q79234960-B924EB51-68A8-4A33-A202-0B1791F51BFE
Q111141508,Gabriel Saleh Zock,Q4729266,APC,Q59681188,Kachia/Kagarko,2019-06-11,,,Q111141508-A3ED4D47-698B-408B-9043-F890C98DDCF3
Q105783149,Gagdi Adamu Yusuf,Q1551163,PDP,Q59681476,Kanke/Pankshin/Kanam,2019-06-11,,male,Q105783149-5A1E286D-4991-4987-B7F7-8CC691EECEB6
Q111141510,Ganiyu Johnson,Q4729266,APC,Q59681353,Oshodi/Isolo II,2019-06-11,,,Q111141510-D0854AB1-7696-4D49-B1D6-F812CEFB9E94
Q35539118,Garba Datti Muhammad,Q4729266,APC,Q59681192,Sabon Gari,2019-06-11,,,Q35539118-0D8E7972-0AB8-49DD-9927-F600BC9F819A
Q35538350,Garba Hamman-Julde,Q4729266,APC,Q59681515,Bali/Gassol,2019-06-11,2019-06-12,,Q35538350-A94FCBA2-2AD9-4CF3-9C88-FDDE3E5E0DBD
Q35539816,Gaza Gbefwi,Q1551163,PDP,Q59681365,Keffi/Karu/Kokona,2019-06-11,2021-07-07,male,Q35539816-456E263C-B15E-472F-9894-95434E69A0A9
Q35539816,Gaza Gbefwi,Q4729266,APC,Q59681365,Keffi/Karu/Kokona,2021-07-07,,male,Q35539816-668AB0FE-A0C2-4C1E-BF48-BE19500FDA98
Q111141513,Gboluga Dele Ikengboju,Q1551163,PDP,Q59681418,Okitipupa/Irele,2019-06-11,,,Q111141513-EA43C540-0A9D-400B-A97A-410EAAFC2A63
Q111141515,Gibeon Goroki,Q1551163,PDP,Q59680938,Guyuk/Shelleng,2019-06-11,,,Q111141515-7C6EFDA4-BBEC-4A8A-9014-FB40FE2AF5E6
Q35537705,Gideon Gwani,Q4729266,APC,Q59681199,Kaura,2019-06-11,,male,Q35537705-D81F641D-C6F4-4331-B2A5-1DF33E5649DB
Q111141516,Godday Samuel,Q6467449,LP,,,2019-06-11,2021-09-28,,Q111141516-85301AE6-A068-432F-B66E-0B92002A11F3
Q111141516,Godday Samuel,Q4729266,APC,Q59681026,Apa/Agatu,2021-09-28,,,Q111141516-F166CE10-3268-4567-A187-03A53B7932FC
Q35538496,Gogo Bright Tamuno,Q1551163,PDP,Q59681487,Okrika/Ogu-Bolo,2019-06-11,,,Q35538496-E0AFEACF-99D8-4F1E-9AE1-016BE9754FC8
Q111141517,Hafiz Ibrahim Kawu,Q4729266,APC,Q59681223,Tarauni,2019-06-11,,,Q111141517-DE365847-A31B-4515-8C87-2A9B8FF9DA66
Q111141518,Hamisu Ibrahim Kubau,Q4729266,APC,Q59681183,Ikara/Kubau,2019-06-11,,,Q111141518-2B5CF74D-DC01-46B2-A86E-4C1A4A20E9DE
Q111141519,Hamza Dalhatu Batagarawa,Q4729266,APC,Q59681246,Batagarawa/Charanchi/Rimi,2019-06-11,,,Q111141519-8EF6A999-4218-44F7-8911-DB7A1F6CAE22
Q111141520,Haruna Isah Dederi,Q4729266,APC,Q59681229,Karaye/Rogo,2019-06-11,,,Q111141520-A3AF11DB-36AD-4112-B96D-6D88C941DC19
Q111141521,Haruna Maitala,Q4729266,APC,Q59681467,Jos North/Bassa,2019-06-11,2021-04-02,male,Q111141521-419F3816-90B2-437C-A1B7-0C1CB097467F
Q111141522,Haruna Mshelia,Q4729266,APC,Q59681039,Askira-Uba/Hawul,2019-06-11,,,Q111141522-B20B619F-F1D2-45E8-9206-2F67D8D3E4AB
Q111141523,Hassan Abdullahi Baiwa,Q4729266,APC,Q59681286,Bassa/Dekina,2019-06-11,,,Q111141523-326DDDED-F9A1-41EF-A2F4-325A679DD09B
Q35538702,Hassan Bala Abubakar III,Q4729266,APC,Q59681509,Sokoto North/Sokoto South,2019-06-11,2019-10-29,male,Q35538702-FEC92A36-1C38-4D8A-B5FF-29600C84948F
Q111141524,Hassan Usman Sokodabo,Q1551163,PDP,Q59681548,Abaji/Gwagwalada/Kwali/Kuje,2019-06-11,,,Q111141524-7BE4BDD7-8E95-4BF8-BD1F-CB64E0E52F9B
Q35536408,Henry Archibong,Q1551163,PDP,Q59680982,Itu/Ibiono Ibom,2019-06-11,,male,Q35536408-633291C8-1F5C-48A7-A746-1AA4712D9D78
Q35539780,Henry Nwawuba,Q1551163,PDP,Q59681154,Ikeduru/Mbaitoli,2019-06-11,,male,Q35539780-6D215963-0152-47EB-8F40-83E66C652463
Q35536614,Herman Hembe,Q4729271,APGA,,,2019-06-11,2020-12-08,male,Q35536614-D1AF6E56-81C9-433A-AF77-ABF36AB5C631
Q35536614,Herman Hembe,Q4729266,APC,,,2020-12-08,,male,Q35536614-799160E5-C30E-46FA-A048-7068418ED3F4
Q35538057,Ibrahim Abdullahi Dutse,Q4729266,APC,Q59681161,Dutse/Kiyawa,2019-06-11,,male,Q35538057-38C58E99-2182-4CC9-8F1C-EF80F582CC37
Q111141525,Ibrahim Almustapha Aliyu,Q4729266,APC,Q59681503,Wurno/Rabah,2019-06-11,,,Q111141525-B68DF786-4F36-4D8D-AED7-3C7D5326E7F7
Q111141526,Ibrahim Babajide Obanikoro,Q4729266,APC,Q59681323,Eti-Osa,2019-06-11,,,Q111141526-9851D65C-CC3F-4C18-BA82-D489082FEF58
Q111141527,Ibrahim Hamza,Q1551163,PDP,Q59681178,Soba,2019-06-11,,,Q111141527-C34C21C9-4D57-4118-9BF6-5BE4DA0FB29E
Q35539721,Ibrahim Isiaka,Q4729266,APC,Q59681400,Ifo/Ewekoro,2019-06-11,,male,Q35539721-8AACEE27-123E-4CD1-B370-E00F09638416
Q111141528,Ibrahim Kunle Olanrewaju,Q4729266,APC,Q59681110,"Ido/Osi, Moba/Ilejeme",2019-06-11,,,Q111141528-381F4B88-C088-46C8-B82E-C83398955E08
Q51120626,Ibrahim Makama Misau,Q4729266,APC,Q59681001,Misau/Dambam,2019-06-11,,male,Q51120626-8330832A-6EAA-4DD9-A928-79753AD6B42A
Q111141529,Ibrahim Mohammed Bukar,Q4729266,APC,Q59681042,Dikwa/Mafa/Konduga,2019-06-11,,,Q111141529-E1797F25-A09C-4A3B-AC31-49C4C67BF3D5
Q111141531,Ibrahim Umar Potiskum,Q4729266,APC,Q59681526,Bade/Jakusko,2019-06-11,,,Q111141531-FEBE0950-A418-4966-AA38-D718D5BEE274
Q110043380,Iduma Igariwey Enwo,Q1551163,PDP,Q59681091,Afikpo North/Afikpo South,2019-06-11,,male,Q110043380-AACEF0F1-F944-44A3-894E-2E744244B85E
Q77224538,Ifeanyi Chudy Momah,Q4729271,APGA,Q59680965,Ihiala,2019-06-11,,male,Q77224538-0B6FBD5E-3AFD-4B9C-876E-C0117C00DF8E
Q111141532,Ifeanyi Ibezi,Q4729271,APGA,Q59680964,Idemili North/Idemili South,2019-06-11,2019-10-29,,Q111141532-6FF42146-4E1C-486C-B463-5483131311F1
Q111141535,Ikenna Elezieanya,Q1551163,PDP,Q59681155,Owerri Municipal/Owerri North/Owerri West,2019-06-11,,,Q111141535-00953512-99A0-4A5A-8A6A-37C04894A7D7
Q111141537,Ismail Tijani,Q4729266,APC,,,2019-06-11,,,Q111141537-E741578F-51EF-4A80-BE1E-DF07DD524C76
Q111141538,Israel Sunny-Goli,Q4729266,APC,Q59681012,Brass/Nembe,2019-06-11,,,Q111141538-D577B137-69E9-432F-970C-71A12D43683D
Q111141539,Ja'afar Abubakar Magaji,Q4729266,APC,Q59680940,Maiha/Mubi North/Mubi South,2019-06-11,,,Q111141539-04D7446E-33B0-48A8-8B69-D7E462C17B85
Q111141540,Ja'afaru Mohammed,Q4729266,APC,Q59681372,Agwara/Borgu,2019-06-11,,,Q111141540-37DFE3F6-5068-46E9-9B01-1223D83EAE22
Q111141543,Jacob Ajao Adejumo,Q65117310,ADP,,,2019-06-11,2019-11-09,,Q111141543-3C75014F-73A0-4AF4-B67D-EC3C543477E9
Q111141543,Jacob Ajao Adejumo,Q4729266,APC,,,2019-11-09,,,Q111141543-24B90A7F-71C9-4E34-B0D4-C1A0104F2AC3
Q111141546,Jafaru Suleiman Ribadu,Q1551163,PDP,Q59680943,Yola North/Yola South/Girei,2019-09-24,,,Q111141546-66405EDC-5E18-42A4-A2AE-C4B0659782E5
Q111141547,James Owolabi,Q4729266,APC,Q59681315,Ifako/Ijaiye,2019-06-11,,,Q111141547-D68769C8-A5A8-4E08-9941-A25285890B28
Q111141541,Ja’afaru Iliyasu,Q4729266,APC,Q59681387,Magama/Rijau,2019-07-04,2019-12-02,,Q111141541-B43FE6F0-A2E3-4175-8A5F-8EA1E19E34F1
Q111141549,Jerry Alagbaoso,Q1551163,PDP,,,2019-06-11,2019-11-01,,Q111141549-A99B7E58-3345-4ED6-B188-6B8109A212B5
Q111141549,Jerry Alagbaoso,Q1551163,PDP,,,2020-01-30,,,Q111141549-79F6CC01-CA0B-45F4-B25B-2311FF139DE7
Q35536249,Jimoh Ojugbele,Q4729266,APC,Q59681391,Ado-Odo/Ota,2019-06-11,,,Q35536249-FE1C36E4-89F3-4A19-9289-E5F99DB5DEE0
Q16194615,John Dyegh,Q4729266,APC,,,2019-06-11,2021-12-13,male,Q16194615-FAB02677-B51D-41DD-A8D5-FD15B077F876
Q16194615,John Dyegh,Q1551163,PDP,Q59681028,Gboko/Tarka,2021-12-13,,male,Q16194615-3B1FEC2B-DEC2-4A20-8D1A-015A8FE76ABB
Q96384703,Johnson Oghuma,Q4729266,APC,,,2019-06-11,,male,Q96384703-2927DBE4-5284-48AC-8AC2-E7E4F77D32DF
Q111141550,Joseph Bello,Q4729266,APC,Q59681283,Adavi/Okehi,2019-06-11,,,Q111141550-53A6170A-0E91-45E6-BC73-19B5C85E0654
Q35536375,Joseph Edionwele,Q1551163,PDP,Q59681096,Esan Central/Esan South/Igueben,2019-06-11,,male,Q35536375-8BBD75FB-CCD3-407F-84FE-B2450378328E
Q111141551,Jude Ise-Idehen,Q1551163,PDP,Q59681099,Egor/Ikpoba-Okha,2019-06-11,,,Q111141551-2BEF529A-5B00-4C0C-8F42-495EB1FFC1D4
Q111199628,Jude Ngaji,Q4729266,APC,Q59681068,Ogoja/Yala,2022-02-26,,male,Q111199628-B70FAB88-D2DF-464F-BFC3-1E4CE8C944F0
Q26896971,Julius Gbabojor Pondi,Q1551163,PDP,Q59681080,Burutu,2019-06-11,,male,Q26896971-E5898721-2368-4974-AD3B-C57D502B9C95
Q16187120,Julius Ihonvbere,Q4729266,APC,Q59681103,Owan East/Owan West,2019-06-11,,male,Q16187120-942DB28E-5052-47C9-971A-7BA54DC8B463
Q90325412,Kabir Tukura Ibrahim,Q4729266,APC,Q59681281,Fakai/Sakaba/Wasagu/Danko/Zuru,2019-06-11,,male,Q90325412-59738B40-7389-4F20-9131-147C7D6C3489
Q111141552,Kabiru Adjoto,Q4729266,APC,Q59681094,Akoko-Edo,2019-06-11,2019-06-21,,Q111141552-C9874600-DFB6-4C38-BAA2-315DB34FB536
Q105445777,Kabiru Alhassan Rurum,Q4729266,APC,Q59681209,Rano/Bunkure/Kibiya,2019-06-11,,male,Q105445777-7BAB122F-7BAE-4F57-AE1A-14F580327626
Q111141553,Kabiru Amadu,Q1551163,PDP,,,2019-06-11,2021-06-29,,Q111141553-75622755-0037-449C-8601-DC2868F79E0E
Q111141553,Kabiru Amadu,Q4729266,APC,,,2021-07-14,,,Q111141553-0DB83737-1FFC-4D29-900E-8322F06CFC50
Q111141556,Kabiru Idris,Q4729266,APC,,,2019-06-11,,,Q111141556-8F359514-144C-475C-ADC1-43AB4FCC1A5B
Q111141557,Kabiru Yahaya,Q1551163,PDP,,,2019-06-11,,,Q111141557-E9E1B4C5-FD49-45E6-B610-16EC3BC9FF1B
Q107185292,Karu Simon Elisha,Q4729266,APC,Q59681133,Kaltungo/Shongom,2019-06-11,,male,Q107185292-0518FCCD-C466-4C5E-B09B-4B583F67A6BF
Q111141558,Kasimu Bello Maigari,Q4729266,APC,Q59681519,Jalingo/Yorro/Zing,2019-07-03,,,Q111141558-DF2A2B9E-5763-486A-BC8F-0FBE1C2F0A37
Q111141560,Kasimu Danjuma,Q4729266,APC,Q59681387,Magama/Rijau,2020-03-19,2020-09-21,,Q111141560-9A7E48EA-E6CB-406E-8B62-6C5D9E2F38D1
Q111141561,Kayode Moshood Akiolu,Q4729266,APC,Q59681336,Lagos Island II,2019-06-11,,,Q111141561-E843C757-AA6F-43C5-B2C8-B39C57AFFC7C
Q35536512,Kehinde Agboola,Q1551163,PDP,Q59681114,Ikole/Oye,2019-06-11,2019-06-21,,Q35536512-89D06009-7016-42FF-AB6B-E80FA33C9012
Q35539099,Kenneth Chikere,Q1551163,PDP,Q59681495,Port Harcourt I,2019-06-11,,male,Q35539099-6A6CA68E-68B0-470E-A995-2A0B10807EBC
Q18129932,Khadija Bukar Abba Ibrahim,Q4729266,APC,Q59681529,Damaturu/Gujba/Gulani/Tarmuwa,2019-06-11,,female,Q18129932-C9E463EE-77F6-46C1-933F-BB31A1C1E366
Q35538891,Kolade Victor Akinjo,Q1551163,PDP,Q59681420,Eseodo/Ilaje,2019-06-11,,,Q35538891-60E844D7-09C3-4DA1-8FDE-558978891C91
Q111141562,Kolapo Korede Osunsanya,Q4729266,APC,,,2019-06-11,2019-09-09,,Q111141562-ACC0D287-3CE2-4C3F-BF71-EDCC69AAC079
Q111141562,Kolapo Korede Osunsanya,Q4729266,APC,Q59681404,Ijebu Ode/Odogbolu/Ijebu North East,2020-01-30,,,Q111141562-869C94B5-3DE0-4E19-A21C-4806658FE2C4
Q111141563,Kolawole Lawal,Q65081160,APM,,,2019-06-11,2021-03-17,,Q111141563-713DD8B5-E931-4A5B-ADAE-29335123FF08
Q111141563,Kolawole Lawal,Q4729266,APC,,,2020-10-10,,,Q111141563-2F46214D-F701-4F10-B4F7-8A56FF0310F1
Q111141564,Komsol Longgap,Q4729266,APC,Q59681480,Mikang/Qua’an/Pan/Shedam,2019-06-11,,,Q111141564-CCF8E86F-B199-4519-AEA2-4EC0609D6783
Q111141566,Kpam Sokpo,Q1551163,PDP,Q59681027,Buruku,2019-06-11,,,Q111141566-38DAF13E-88F6-415C-8BBC-119C2B3B4B26
Q35538940,Kwamoti Laori,Q1551163,PDP,Q59680922,Demsa/Numan/Lamurde,2019-06-11,,,Q35538940-B97B4431-0C5B-4C5B-BB4A-87FEDD1B3766
Q111141567,Lanre Edun,Q4729266,APC,Q59681390,Abeokuta South,2019-06-11,,,Q111141567-A9CB96C4-8F06-4E27-8C09-3EF2F81C17C9
Q111141568,Lawal Muhammadu Idirisu,Q4729266,APC,Q59681295,Ajaokuta,2019,,,Q111141568-967468FB-8A07-448A-8594-329A86FE4208
Q111141568,Lawal Muhammadu Idirisu,Q4729266,APC,,,2019-06-11,2019-10-28,,Q111141568-CE074179-2E82-481D-A260-1B284CAD920B
Q111141569,Lawal Rabiu,Q1551163,PDP,Q59681186,Lere,2019-12-18,2020-10-30,,Q111141569-1762F965-DCDC-4612-BBE4-1C00EA8A52A2
Q111141571,Lawan Abdullahi Ken-Ken,Q4729266,APC,Q59681214,Gwale,2019-06-11,,,Q111141571-B24F2B68-261B-4A2F-BD15-737D4CA686D7
Q111141572,Lawan Shettima Ali,Q4729266,APC,Q59681528,Bursari/Geidam/Yunusari,2019-06-11,,,Q111141572-A458358B-DED9-450B-8B2B-E7E24C625F64
Q111141573,Lawrence Babatunde Ayeni,Q4729266,APC,,,2019-06-11,,,Q111141573-C17DFF20-ECAA-416C-96B9-B4A2AFA9DFAF
Q35537449,Lazarus Ogbee,Q1551163,PDP,Q59681088,Ezza South/Ikwo,2019-06-11,2019-09-09,,Q35537449-7BDF52E9-EC9D-429D-823C-EDF917DE313B
Q111141574,Leke Abejide,Q60143323,ADC,Q59681299,Yagba East/Yagba West/Mopamuro,2019-06-11,,,Q111141574-6DBCFC1E-3725-41C1-81CA-7583231655B6
Q111141576,Livinus Makwe,Q1551163,PDP,,,2019-06-11,,,Q111141576-5239E5ED-7A79-48BF-95C9-DBD58C52AC79
Q6708540,Lynda Chuba-Ikpeazu,Q1551163,PDP,,,2019-06-11,2021-09-30,female,Q6708540-2B9FF243-8D6A-40B2-8C0F-E9BB17F02E0E
Q6708540,Lynda Chuba-Ikpeazu,Q4729266,APC,,,2021-09-30,,female,Q6708540-33982EBF-0D7C-4A26-ACE7-E88769FCB892
Q35539932,Magaji Da'u Aliyu,Q4729266,APC,Q59681158,Birnin Kudu/Buji,2019-06-11,,,Q35539932-897F6F65-AAD2-4662-8731-033351200C97
Q111141577,Mahmoud Muhammed,Q4729266,APC,Q59681220,Gezawa/Gabasawa,2019-06-11,2019-06-25,,Q111141577-68716B88-CE95-453E-A60C-4C6311436863
Q111141578,Makki Abubakar Yalleman,Q4729266,APC,Q59681171,Mallam Madori/Kaugama,2019-06-11,,,Q111141578-F415E5FD-9A08-48A4-ABCC-B5AF4DC8E099
Q35538548,Malle Aminu,Q4729266,APC,,,2019-06-11,2019-06-13,,Q35538548-1366154B-A6F7-4F6B-8C0B-DF947E5A3675
Q111141579,Mani Maishinko Katami,Q1551163,PDP,Q59681507,Binji/Silame,2019-06-11,,,Q111141579-351223B4-3853-4050-A6C0-30B547BBC989
Q111141581,Mansur Aliyu Mashi,Q4729266,APC,Q59681263,Mashi/Dutsi,2019-06-11,,,Q111141581-6367A5A0-B4BB-4038-8988-D236D9A07415
Q111141583,Mansur Manu Soro,Q4729266,APC,Q59681000,Darazo/Gunjuwa,2019-06-11,,,Q111141583-B774B207-95A4-42AB-9478-615E5EED37F5
Q35538405,Mark Gbillah,Q1551163,PDP,Q59681030,Gwer East/Gwer West,2019-06-11,,male,Q35538405-7598DE54-A289-42C5-AC5E-CA559A738819
Q111141584,Martins Oke,Q1551163,PDP,Q59681122,Igbo-Etiti/Uzo-Uwani,2019-06-11,,,Q111141584-63B39D35-A903-4DF1-9EA5-177F953AEB2A
Q111199552,Mayokun Lawson-Alade,,,Q59681410,Akure North/Akure South,2022-02-28,,male,Q111199552-48826811-4b5e-675f-43cb-67a48d52b966
Q35538328,Mayowa Akinfolarin,Q4729266,APC,,,2019-06-11,,male,Q35538328-6CDACD1C-108F-4AA5-BA97-EC316B7491EE
Q111141585,Micah Jiba,Q1551163,PDP,Q59681549,Municipal/Bwari,2019-06-11,,,Q111141585-5E15E157-9805-4BB7-9956-AB468BFF7B4E
Q50219654,Michael Enyong,Q1551163,PDP,Q59680992,Uyo/Uruan/Nsit Atai/Ibesikpo Asutan,2019-06-11,,male,Q50219654-76289BF4-FD1A-4CB7-AFF7-C9650DE1CF92
Q35538438,Michael Etaba,Q1551163,PDP,,,2019-06-11,2021-06-29,male,Q35538438-2158BD57-C7D2-41A8-B3E1-AA115E3B2422
Q35538438,Michael Etaba,Q4729266,APC,Q59681067,Obubra/Etung,2021-06-29,,male,Q35538438-23E2575D-D906-4094-9DFF-76D2DFD1D126
Q102187913,Miriam Onuoha,Q4729266,APC,Q59681143,Isiala Mbano/Okigwe/Onuimo,2020-01-29,,female,Q102187913-EE61EED1-4793-4D85-9085-69D332749946
Q35539046,Mohammed Garba Gololo,Q4729266,APC,Q59681008,Gamawa,2019-06-11,2019-11-01,male,Q35539046-4B05429C-A73C-460B-9900-729D770F663C
Q35537474,Mohammed Muntari Dandutse,Q4729266,APC,Q59681254,Funtua/Dandume,2019-06-11,,,Q35537474-49C2F1B7-A230-4296-B0C8-0DAF09A28520
Q111141586,Mohammed Omar Bio,Q4729266,APC,Q59681300,Baruten/Kaiama,2019-06-11,,,Q111141586-8D963FA8-2EAE-4AE1-9FF3-519E235BC2F6
Q111141587,Mohammed Saidu Bargaja,Q1551163,PDP,,,2020-02-04,,,Q111141587-E5632C68-A75A-4C30-8DE7-662C128C65A2
Q96393681,Mohammed Tahir Monguno,Q4729266,APC,,,2019-06-11,,male,Q96393681-B247D767-0DFF-4A8A-993D-22BC81EA3596
Q65929260,Mohammed Umar Bago,Q4729266,APC,Q59681378,Chanchaga,2019-06-11,,male,Q65929260-91919DF8-C607-454D-ACF1-539C6F6A2CCC
Q111141590,Mufutau Egberongbe,Q4729266,APC,Q59681329,Apapa,2019-06-11,,,Q111141590-9D91BA42-36F6-441F-B617-0B0209ECA782
Q111141591,Muhammad Abubakar Mamadi,Q4729266,APC,Q59681179,Igabi,2019-06-11,2019-06-14,,Q111141591-2D4F6B2C-F3D3-45F6-9141-A5DF766B7B46
Q111141593,Muhammad Ali Wudil,Q4729266,APC,Q59681240,Wudil/Garko,2019-06-11,,,Q111141593-2CE57210-6975-4F9D-A919-E4349CFE4422
Q111141594,Muhammad Auwal Jatau,Q1551163,PDP,Q59681002,Zaki,2020-01-29,,,Q111141594-F7E9EFA4-ADAC-4947-AFFE-86D707815764
Q111141595,Muhammad Bello Yakubu,Q4729266,APC,Q59681276,Bunza/Birnin Kebbi/Kalgo,2019-06-11,,,Q111141595-DAA7A1B8-77B1-464A-8311-479432FF622E
Q35539569,Muhammad Umar Jega,Q4729266,APC,Q59681277,Aleiro/Gwandu/Jega,2019-06-11,,male,Q35539569-7875A955-4141-4D53-972E-C3B034DEE86C
Q80574278,Muhammadu Gawo,Q4729266,APC,Q59681157,Babura/Garki,2019-06-11,2019-12-31,male,Q80574278-DD3EA3FB-995A-40F9-AA6E-49455FAFF4D0
Q35538247,Muhammed Gudaji,Q4729266,APC,Q59681174,Kazaure/Roni/Gwiwa/Yankwashi,2019-06-11,,male,Q35538247-49BC749E-EBC0-4A98-AC9E-2424F7452217
Q111141596,Mukhtar Ahmed,Q4729266,APC,Q59681194,Kaduna South,2019-06-11,,,Q111141596-58C60149-B1C2-4A6B-8789-D66EFC60DA60
Q111141597,Mukhtar Shehu Ladan,Q4729266,APC,Q59681184,Makarfi/Kudan,2019-06-11,,,Q111141597-A00F96D5-BE6A-4E7A-9F98-328E7600373C
Q111141599,Mukhtar Zakari Chawai,Q4729266,APC,Q59681200,Kauru,2019-06-11,,,Q111141599-DBC77575-F0FE-4222-BBEA-D9428CA2E7E9
Q35538626,Muktar Aliyu Betara,Q4729266,APC,,,2019-06-11,,,Q35538626-50CF7079-F917-43F8-BAD7-7760807DC4BF
Q111141601,Munir Babba Dan'Agundi,Q4729266,APC,,,2019-06-11,2019-09-10,,Q111141601-E2DABD63-E089-4643-B630-52A0E7B16592
Q111141601,Munir Babba Dan'Agundi,Q4729266,APC,,,2020-01-29,,,Q111141601-DECAD20F-BA17-453C-BEAE-5DD29BBB4BF4
Q111141602,Murtala Isah Kankara,Q4729266,APC,Q59681253,Faskari/Kankara/Sabuwa,2019-06-11,,,Q111141602-844281C2-3E31-462E-ACCF-24E9A6592F26
Q111199670,Musa Agah Avia,Q1551163,PDP,Q59681467,Jos North/Bassa,2022-02-26,,male,Q111199670-9B8F9D64-CBB0-47CA-B20E-709829727C71
Q111141603,Musa Muhammad Pali,Q4729266,APC,Q59680994,Alkaleri/Kirfi,2019-06-11,,,Q111141603-4AA5E220-41AD-437C-95C2-7A550C8BC9E6
Q111141605,Musa Muhammadu Fagen-Gawo,Q4729266,APC,Q59681157,Babura/Garki,2020-03-19,,,Q111141605-5E3BFE06-61FE-4F27-B564-646D45B038BA
Q24565203,Musa Sarkinadar,Q4729266,APC,,,2019-06-11,2019-06-12,male,Q24565203-C708A61C-46B5-4CB0-8671-BC4E77E41A2F
Q24565203,Musa Sarkinadar,Q4729266,APC,Q59681502,Goronyo/Gada,2019-06-13,,male,Q24565203-CFB0BF42-4921-4673-86AF-6E07CE7FF279
Q111141606,Musa Umar Garo,Q4729266,APC,Q59681221,Gwarzo/Ikabo,2019-06-11,,,Q111141606-31800C9A-91A5-4214-98C2-84733994159E
Q111141608,Mustafa Muhammad Saidu,Q1551163,PDP,,,2019-06-11,,,Q111141608-1FA8780E-4B2D-4B84-B179-B1EC0A2E55DC
Q35539376,Mustapha Dawaki,Q4729266,APC,Q59681216,Dawakin Kudu/Warawa,2019-06-11,,male,Q35539376-9DD79DCB-360D-4DC6-9AE8-42DF32BE2087
Q111141609,Nasiru Abduwa Gabasawa,Q4729266,APC,Q59681220,Gezawa/Gabasawa,2019-07-03,,,Q111141609-F48C7924-DD84-4D14-8861-EFFB23F38F97
Q35537589,Nasiru Sani Zangon Daura,Q4729266,APC,Q59681265,Zango/Baure,2019-06-11,,,Q35537589-14E8F684-F143-4599-B214-645B5786B226
Q111141611,Nassir Ali Ahmad,Q4729266,APC,Q59681235,Nassarawa,2019-06-11,,,Q111141611-29CE8313-C13A-4A51-BEFE-56B0B0584ADE
Q111141612,Nazifi Sani Gumel,Q4729266,APC,Q59681165,Gumel/Maigatari/Sule Tankarkar/Gagarawa,2019-06-11,,,Q111141612-FEDED8CD-C750-46F5-80DC-A2AF6B378213
Q111141613,Ndudi Elumelu,Q1551163,PDP,,,2019-06-11,,,Q111141613-F0FDC395-9481-4DE4-86A7-B8A79F023274
Q35538029,Nicholas Mutu,Q1551163,PDP,Q59681070,Bomadi/Patani,1999,,male,Q35538029-FDF2C936-5D4A-4CA8-8940-F839500D3D41
Q29514826,Nkeiruka Onyejeocha,Q4729266,APC,,,2019-06-11,,female,Q29514826-62425503-F593-4C19-B1F1-6DCCFC84A1B4
Q111141615,Nnolim Nnaji,Q1551163,PDP,Q59681128,Nkanu East/Nkanu West,2019-06-11,,,Q111141615-59872F4B-ABC1-4880-9922-C32C4179FDB0
Q28968008,Nse Ekpenyong,Q1551163,PDP,Q59680983,Oron/Mbo/Okobo/Udung Uko/Urue Offong/Oruko,2019-06-11,,male,Q28968008-2E015E61-A533-4C70-BFD8-4EBB7ABE1889
Q111141617,Nsikak Ekong,Q1551163,PDP,,,2019-06-11,2019-11-09,,Q111141617-891A6F44-8C9F-452F-A816-A6F8E31998E0
Q111141617,Nsikak Ekong,Q1551163,PDP,,,2020-01-30,,,Q111141617-AB9A7A75-EB42-474E-A44C-B5DDE5003591
Q30643909,Obinna Chidoka,Q1551163,PDP,Q59680964,Idemili North/Idemili South,2019-11-19,,male,Q30643909-6D7F493E-92A0-4CEF-AA03-A55900998E8A
Q111141619,Obinna Onwubuariri,Q1551163,PDP,Q59681143,Isiala Mbano/Okigwe/Onuimo,2019-06-11,2019-09-18,,Q111141619-826D4EAD-8204-4B67-9332-E854BB04A1B1
Q111141621,Obua Azibapu Fred,Q1551163,PDP,Q59681013,Ogbia,2019-06-11,,,Q111141621-DA5A2DBF-CF41-4243-BCD9-4E68529C6DBD
Q35539979,Ochiglegor Idagbo,Q1551163,PDP,,,2019-06-11,2021-06-29,,Q35539979-9FCF25D0-CA09-4258-A45A-4921E5542EEA
Q35539979,Ochiglegor Idagbo,Q4729266,APC,,,2021-06-29,,,Q35539979-0F25801A-8DA4-4223-AE4B-80F6758D4CC8
Q111141623,Ofor Gregory Chukwuegbo,Q1551163,PDP,Q59681117,Enugu North/Enugu South,2019-06-11,,,Q111141623-C1CA2300-7D57-43CE-AE28-5068DD8B1368
Q35537339,Oghene Egoh,Q1551163,PDP,,,2019-06-11,,,Q35537339-C2F98711-DEF7-49B8-B31C-E24FF8029E5F
Q28968132,Ogor Okuweh,Q1551163,PDP,,,2019-06-11,,male,Q28968132-F40031E8-6695-4A79-8834-B2E1EB57DFD7
Q102229778,Ogunlola Olubunmi,Q4729266,APC,Q59681113,Ijero/Ekiti West/Efon,2019-06-11,,female,Q102229778-B50A1335-386B-497E-A82B-A2D163AFBD93
Q35536601,Okafor John,Q4729266,APC,Q59680959,Aguata,2019-09-17,,male,Q35536601-8ECBD5FA-0674-44D2-9F5F-916D8FBE1E0B
Q111141624,Okwudili Ezenwankwo,Q4729271,APGA,,,2019-06-11,2021-09,,Q111141624-19493C33-26D1-4CBE-8F3F-C9F3ADF751E2
Q111141624,Okwudili Ezenwankwo,Q4729266,APC,,,2021-09,,,Q111141624-218442C6-DBEC-4E7B-B77C-44FF134501F3
Q111141625,Olaide Adewale Akinremi,Q4729266,APC,Q59681466,Ibadan North,2019-06-11,,,Q111141625-7C39E85B-4C83-480E-ACB0-CDF63C679B64
Q111141627,Olaifa Jimoh Aremu,Q60143323,ADC,,,2019-06-11,2021-03-17,,Q111141627-3821F7E9-55A1-4B47-A183-800ECCE69092
Q111141627,Olaifa Jimoh Aremu,Q4729266,APC,,,2021-03-17,,,Q111141627-6DB1A5DB-5391-4941-A620-E3A73DF196DF
Q111141631,Olajide Jimoh,Q4729266,APC,Q59681339,Lagos Mainland,2019-06-11,,,Q111141631-0CA799C2-83B0-437C-84C8-1F47A422A1E9
Q35536681,Olajide Olatubosun,Q4729266,APC,,,2019-06-11,,,Q35536681-F7318352-033B-4A51-B6BF-64D519F47529
Q111141632,Olalekan Rasheed Afolabi,Q4729266,APC,Q59681429,Odo-Otin/Ifelodun/Boripe,2019-06-11,,,Q111141632-72E4FCE5-0181-459D-BE54-F876B062BC82
Q35537487,Olatunji Shoyinka,Q1551163,PDP,Q59681358,Surulere II,2019-06-11,,,Q35537487-779483E2-F13E-4B80-AD20-0166D7615156
Q111141633,Olubukola Oyewo,Q4729266,APC,,,2019-06-11,,,Q111141633-B7F6EEB7-11CB-4C2C-B670-D6A9184E88DE
Q105981510,Olubunmi Tunji-Ojo,Q4729266,APC,Q59681407,Akoko North East/Akoko North West,2019-06-11,,male,Q105981510-67AA1A2B-7F2E-4709-A50E-A487807A3FA8
Q35538484,Olufemi Adebanjo,Q4729266,APC,Q59681317,Alimosho,2019-06-11,,,Q35538484-68F718BF-9D0F-427C-8CCE-BFF69BEC8752
Q35539429,Olufemi Fakeye,Q4729266,APC,,,2019-06-11,,,Q35539429-A406B426-0225-4F2B-8238-CDAC14E3B07F
Q111141634,Olumide Ojerinde,Q4729266,APC,,,2019-06-11,,,Q111141634-5CF349DC-7BCB-40E7-8B2D-F05773AC2C23
Q111141635,Olumide Osoba,Q4729266,APC,,,2019-06-11,,,Q111141635-087E4D02-FB51-432C-8077-179D5B4459EB
Q111141636,Oluokun Akintola,Q4729266,APC,Q59681442,Akinyele/Lagelu,2019-06-11,,,Q111141636-743F80CD-DCA7-4EE4-840F-318293760097
Q111141639,Olusola Steve Fatoba,Q4729266,APC,,,2019-06-11,,,Q111141639-68118A0F-3D85-40D0-AED3-6CE71D21B1CB
Q111141640,Oluwatimehin Adelegbe,Q4729266,APC,Q59681424,Owo/Ose,2019-06-11,,,Q111141640-265431EF-8E45-4D7E-9613-18B97D0C6FBE
Q50825739,Oluwole Oke,Q1551163,PDP,Q59681433,Obokun/Oriade,2019-06-11,,male,Q50825739-AFDC75F4-F222-4B9B-BD4F-CF31180E8D9D
Q111141641,Oluyemi Adewale Taiwo,Q1551163,PDP,Q59681449,Ibarapa East/Ido,2019-06-11,,,Q111141641-40E06D61-FE17-480E-9010-815737DA264B
Q35536416,Omar Tata,Q4729266,APC,,,2019-06-11,2019-11-14,male,Q35536416-173AFE6C-1B6F-4A0C-9634-9E209FEA3E20
Q35538117,Omoregie Ogbeide-Ihama,Q1551163,PDP,Q59681100,Oredo,2019-06-11,,,Q35538117-EDB760AA-F135-474C-80E4-DB2873B843DC
Q21063010,Onofiok A. Luke,Q1551163,PDP,,,2019-06-11,,male,Q21063010-AD432D45-4B77-407E-9500-25C8B681703E
Q35540082,Ossai Nicholas Ossai,Q1551163,PDP,Q59681075,Nkokwa East/Ndokwa West/Ukwuani,2019-06-11,,male,Q35540082-780A087D-7156-41A2-86A4-8D40F337FA60
Q35536670,Ossy Prestige,Q4729271,APGA,Q59680913,Aba North/Aba South,2019-06-11,2021-02-06,male,Q35536670-468003EE-FB6F-48D9-82DD-16B2C70BDC90
Q111141642,Paschal Chigozie Obi,Q60058152,AA,,,2019-06-11,2020-02-13,,Q111141642-B16366B5-0669-4D02-AF3B-FA38D23B57D1
Q111141642,Paschal Chigozie Obi,Q4729266,APC,,,2020-02-13,,,Q111141642-3B588A96-149F-4117-8933-CCE7AE9475C6
Q111141645,Pat Asadu,Q1551163,PDP,Q59681129,Nsukka/Igbo-Eze South,2019-06-11,,,Q111141645-AB9DA507-E31D-4567-9760-CA851B460795
Q111141647,Patrick Ifon,Q1551163,PDP,Q59680976,Eket/Onna/Esit Eket/Ibeno,2019-06-11,,,Q111141647-84A102F3-776F-4CB8-8730-4F27FFDD0F8F
Q35536547,Peter Ohiozojeh Akpatason,Q4729266,APC,Q59681094,Akoko-Edo,2019-07-03,,,Q35536547-F85F6255-8206-490D-9633-9D0E48A613D5
Q111141648,Peter Owolabi,Q4729266,APC,Q59681114,Ikole/Oye,2019-07-10,,,Q111141648-05EC2AB8-35FF-4A8F-937B-A0A53A672A06
Q111141650,Preye Influence Goodluck Oseke,Q4729266,APC,Q59681016,Southern Ijaw,2019-06-11,,,Q111141650-E3997665-0230-4A57-9FC4-11E81FDCCCE8
Q105393512,Raheem Olawuyi,Q4729266,APC,,,2019-06-11,,male,Q105393512-BDABB97B-3A73-485F-810D-66FCC69A517A
Q104530981,Raphael Adeyemi Adaramodu,Q4729266,APC,,,2019-06-11,,male,Q104530981-602C19D3-E55B-40C5-B13B-480AEDCF1FE2
Q52151627,Richard Bamisile,Q4729266,APC,Q59681109,Emure/Gbonyin/Ekiti East,2019-06-11,,male,Q52151627-ABC4811B-3797-420A-9903-52B5528E4282
Q111141651,Richard Gbande,Q1551163,PDP,Q59681031,Katsina-Ala/Ukum/Logo,2019-06-11,,,Q111141651-F6B42B18-F58B-4BE4-92D8-C30823EBC15A
Q111141653,Rima Kwewum,Q1551163,PDP,,,2019-06-11,,,Q111141653-7EBE0540-7828-48EA-81E4-95CDC5FE23F6
Q111141654,Robert Tyough,Q1551163,PDP,Q59681033,Kwande/Ushongo,2019-06-11,,,Q111141654-26A174F7-6511-4220-9F4C-45F2C2E0C699
Q111141656,Rotimi Agunsoye,Q4729266,APC,Q59681355,Kosofe,2019-06-11,,,Q111141656-6DD8C5FA-FF37-4A64-8265-8C12B11AFFDA
Q111141657,Sada Soli,Q4729266,APC,Q59681257,Jibia/Kaita,2019-06-11,,,Q111141657-5904CE03-3F06-4215-86BD-FE3411D538B7
Q87451110,Saidu Musa Abdul,Q4729266,APC,Q59681375,Bida/Gbako/Katcha,2019-06-11,,male,Q87451110-C9B4DEC8-49FF-42B4-8179-A2A66C6C15B6
Q111141658,Salisu Iro Isansi,Q4729266,APC,Q59681261,Katsina,2019-06-11,,,Q111141658-9A42D263-813A-4CF3-9965-1857D2843680
Q111141660,Sam Onwuaso,Q1551163,PDP,Q59680961,Awka North/Awka South,2019-06-11,,,Q111141660-08CEF0F1-141E-4059-B90E-DA75B005AEF3
Q28051589,Samaila Suleiman,Q4729266,APC,Q59681176,Kaduna North,2019-06-11,,male,Q28051589-8DA2C8CB-00F4-4A00-B825-C1281176A206
Q35536361,Samson Okwu,Q1551163,PDP,Q59681037,Oju/Obi,2019-11-19,,,Q35536361-A89A07BA-689D-4DFF-81A3-91E131D9439F
Q111141661,Samuel Babatunde Adejare,Q4729266,APC,Q59681313,Agege,2019-06-11,,,Q111141661-856B3C7C-31BA-4BA6-BC3A-57BCB5B2CD01
Q35539661,Samuel Onuigbo,Q1551163,PDP,,,2019-06-11,2020-12-17,male,Q35539661-95E2DBAD-8D39-4290-B4BB-6655C2091656
Q35539661,Samuel Onuigbo,Q4729266,APC,,,2020-12-17,,male,Q35539661-51481B0E-CDC6-44B5-9A34-F0849B38B434
Q111141662,Sani Ma'aruf Nass,Q4729266,APC,Q59681238,Minjibir/Ungogo,2019-06-11,,,Q111141662-0C66C2E3-36EF-41E5-9FA0-D989168197AC
Q35537904,Sani Umar Bala,Q4729266,APC,Q59681239,Tsanyawa/Kunchi,2019-06-11,,,Q35537904-D6274B6D-3B1C-4486-A4FE-DCBD445135AD
Q111141663,Sani Umar Dan-Galadima,Q1551163,PDP,,,2019-06-11,2021-06-30,,Q111141663-42B5C5FA-B298-4870-B70C-7B8F8DF19DEF
Q111141663,Sani Umar Dan-Galadima,Q4729266,APC,,,2021-06-30,,,Q111141663-D19CD307-F952-4DC6-BE11-3F611F2050C9
Q108753199,Satomi Ahmad,Q4729266,APC,Q59681054,Jere,2019-06-11,,male,Q108753199-77919C52-2B90-49DD-A47A-D83BBF013FB8
Q111141667,Segun Odebunmi,Q4729266,APC,Q59681461,Ogo-Oluwa/Surulere,2019-06-11,,,Q111141667-68DBF024-4984-42C6-A65E-8784F077D241
Q35539674,Sergius Ogun,Q1551163,PDP,Q59681097,Esan North East/Esan South East,2019-06-11,,,Q35539674-9A635859-6121-4662-8F80-AD0C9D32E321
Q106653074,Sha'aban Ibrahim Sharada,Q4729266,APC,,,2019-06-11,,male,Q106653074-6C297570-8DF7-40B2-89A5-BDAE0BD035F0
Q111141668,Shamsudeen Bello Dambazau,Q4729266,APC,Q59681237,Sumaila/Takai,2019-06-11,,,Q111141668-A290768A-E3EB-4278-B8E6-F811A091C7B5
Q111141669,Shehu Ahmed,Q1551163,PDP,,,2019-06-11,2021-07-06,,Q111141669-4D387236-3DED-4B9C-A15F-3784C6E365A4
Q111141669,Shehu Ahmed,Q4729266,APC,Q59681543,Bungudu/Maru,2021-07-06,,,Q111141669-CB8B4569-8E1F-4C73-8B3A-F59D736E6CBA
Q35537536,Shehu Aliyu,Q4729266,APC,,,2019-06-11,2019-10-30,,Q35537536-FAF12F06-1518-48A3-841F-A7CA17BFD202
Q111143021,Shehu Balarabe,Q4729266,APC,Q59681191,Birnin Gwari/Giwa,2019-06-11,,male,Q111143021-685E48F5-F75C-48B8-B78B-55704C5DEC86
Q111141672,Shehu Barwa Beji,Q4729266,APC,,,2019-06-11,,,Q111141672-22EEA1FA-0A94-4A40-B4AA-F812D7EA8414
Q111141673,Shehu Mohammed Koko,Q4729266,APC,Q59681280,Koko-Besse/Maiyama,2019-06-11,,,Q111141673-B11A4829-1ECE-4223-9ABE-266D4BB8F7F4
Q35537802,Shehu Nicholas Garba,Q1551163,PDP,Q59681190,Jema’a/Sanga,2019-06-11,,male,Q35537802-B92564E0-0A93-48C4-AE4C-0EE236D5573C
Q35537290,Shehu Saleh,Q4729266,APC,Q59681387,Magama/Rijau,2019-06-11,2019-06-12,,Q35537290-CBF9C56D-240C-4592-9D8C-90DDAAE587A7
Q35537290,Shehu Saleh,Q4729271,APGA,Q59681387,Magama/Rijau,2021-02-10,,,Q35537290-C8863E3F-0E5B-4C48-8839-CC6349707903
Q56678163,Shina Peller,Q4729266,APC,Q59681458,Iseyin/Itesiwaju/Kajola/Iwajowa,2019-06-11,,male,Q56678163-2935D035-991B-4B4C-A388-A8BAA70162FA
Q111141675,Simon Atigwe,Q1551163,PDP,,,2019-06-11,,,Q111141675-1F31B44F-5395-49AA-9AE0-F1DF8637A3FD
Q111141676,Simon Mwadkwon,Q1551163,PDP,Q59681474,Barkin Ladi/Riyom,2019-06-11,,,Q111141676-18B23DC9-C55C-4CF7-AB0A-953D4B865A43
Q35539211,Solomon Adaelu,Q1551163,PDP,Q59680919,Obingwa/Ugwunagbo/Osisioma,2019-06-11,,,Q35539211-9CC13C6A-7A30-426C-8DDA-2352A99C5F0E
Q107598364,Solomon Bob,Q1551163,PDP,,,2019-06-11,,male,Q107598364-E2249F78-72CF-41F3-AECD-E9A93796204B
Q35536874,Solomon Maren,Q1551163,PDP,Q59681475,Bokkos/Mangu,2019-06-11,,,Q35536874-FFA1DDEA-9DEB-47D3-934D-43CA99DB0679
Q111141677,Stephen Azaiki,Q1551163,PDP,Q59681017,Yenagoa/Kolokuna/Opokuma,2019-06-11,,,Q111141677-6ADF5781-3844-4760-850B-8F5898336CEC
Q111141678,Sulaiman Abubakar Gumi,Q1551163,PDP,,,2019-06-11,2021-07-06,,Q111141678-754B4DC4-CB00-4F20-8C89-915FC9245372
Q111141678,Sulaiman Abubakar Gumi,Q4729266,APC,Q59681547,Gummi/Bukkuyum,2021-07-06,,,Q111141678-90E17FC6-935D-4FBF-89B5-3A6653E91D48
Q111141680,Suleiman Aliyu Lere,Q4729266,APC,,,2019-06-11,2019-11-07,,Q111141680-A2C5893C-DB66-4DF2-86C6-E2ABEE03395D
Q111141680,Suleiman Aliyu Lere,Q4729266,APC,,,2021-02-16,2021-04-06,,Q111141680-DAC0AF66-BC90-43C3-8B09-63B6B9C0DAF4
Q35539906,Sylvester Ogbaga,Q1551163,PDP,Q59681084,Abakaliki/Izzi,2019-06-11,,male,Q35539906-319CCA33-01B6-4212-BED4-35DE870D5FE5
Q111141683,Taiwo Kolawole,Q4729266,APC,Q59681351,Ajeromi/Ifelodun,2019-06-11,,,Q111141683-A28619FD-7872-4381-9B42-2545C89012E4
Q111141684,Taiwo Oluga,Q4729266,APC,Q16891868,Ayedaade/Irewole/Isokan,2019-06-11,,,Q111141684-41E85E15-BB16-4F20-897B-D35F1FE2DD91
Q35538760,Tajudeen Abbas,Q4729266,APC,Q59681177,Zaria,2019-06-11,,,Q35538760-A77F6D23-370A-4F19-9E26-E70E61B9978D
Q67099464,Tajudeen Adeyemi Adefisoye,Q7550561,SDP,,,2019-06-11,2020-12-16,male,Q67099464-352E2CF0-B429-46FD-8A2D-AE4880DE36DB
Q67099464,Tajudeen Adeyemi Adefisoye,Q4729266,APC,Q59681411,Idanre/Ifedore,2020-12-16,,male,Q67099464-05D2647A-A186-4BCB-84F8-136537FBF063
Q20685008,Tajudeen Obasa,Q1551163,PDP,Q59681344,Ojo,2019-06-11,,male,Q20685008-3BC67D27-B120-48AF-AB34-168C2C325C2C
Q95692830,Taofeek Abimbola Ajilesoro,Q1551163,PDP,,,2019-06-11,,male,Q95692830-1269D65D-CDE5-49D0-87E4-60B09B290CA7
Q111141685,Tasir Wale Raji,Q4729266,APC,Q59681321,Epe,2019-06-11,,,Q111141685-F08A7684-9425-4E56-8F3A-C5F448F8DBD1
Q111141687,Thomas Ereyitomi,Q1551163,PDP,Q59681082,Warri North/Warri South/Warri South West,2019-06-11,,,Q111141687-C4D1FF4B-A612-49C3-8680-F0B6B19A699E
Q35536093,Tijjani Abdulkadir Jobe,Q4729266,APC,Q59681217,Dawakin Tofa/Tofa/Rimin Gado,2019-06-11,,male,Q35536093-F941FFF8-AF7F-4FEC-B84A-B84892D91130
Q111141688,Tijjani Zannah Zakariya,Q4729266,APC,Q59681531,Machina/Nguru/Yusufari/Karasuwa,2019-06-11,,,Q111141688-DBA7CE65-417B-46AD-9419-4CF168571B4F
Q35536347,Toby Okechukwu,Q1551163,PDP,Q59681115,Aninri/Awgu/Oji River,2019-06-11,,,Q35536347-532711AE-1625-473A-855A-185FA8F582E7
Q102228500,Tolulope Akande-Sadipe,Q4729266,APC,Q59681462,Oluyole,2019-06-11,,female,Q102228500-BBB321D8-B045-42C3-9BC2-6658FB7905EB
Q107337717,Uchechukwu Nnam-Obi,Q1551163,PDP,Q59681482,Ahoada West/Ogba Egbema,2019-06-11,,male,Q107337717-736E73B6-1CB5-4EC9-866A-AC2D0B0D2C8E
Q28030538,Ugonna Ozurigbo,Q4729266,APC,Q59681145,Isu/Njaba/Nkwerre/Nwangele,2019-06-13,,male,Q28030538-6F826027-6CD8-41F0-B522-03B154638722
Q111141689,Uju Kingsley Chima,Q60058152,AA,Q59681146,Oguta/Ohaji-Egbema/Oru West,2019-06-11,2020-02-13,,Q111141689-B3036C7B-3C45-4AF3-9597-A81109A09E9D
Q111141689,Uju Kingsley Chima,Q4729266,APC,Q59681146,Oguta/Ohaji-Egbema/Oru West,2020-02-13,,,Q111141689-9EAABDB9-59DD-4669-8C19-A48871E52A3B
Q35539294,Uko Nkole,Q1551163,PDP,Q59680914,Arochukwu/Ohafia,2019-06-11,,male,Q35539294-AD902317-027D-45B6-9076-138395B49425
Q111141690,Umar Abdulkadir Sarki,Q7165739,PRP,Q59681011,Katagum,2019-06-11,,,Q111141690-CF490C96-F7E5-4CED-86F4-AD876FD612CF
Q111141693,Umar Abdullahi Kamba,Q4729266,APC,Q59681266,Arewa/Dandi,2019-06-11,,,Q111141693-B8487272-2686-468D-B131-CE8F2EEA60A6
Q28968135,Umar Barde Yakubu,Q1551163,PDP,Q59681189,Chikun/Kajuru,2019-06-11,,male,Q28968135-05303E7F-15BE-41D4-9F0C-CD72CB06F643
Q111141694,Umar Muda Lawal,Q4729266,APC,Q59680997,Toro,2019-06-11,,,Q111141694-F50A4BDC-1AAB-404D-92C2-DA4E8592294B
Q111141695,Umar Saidu Doka,Q4729266,APC,Q59681389,Shiroro/Rafi/Munya,2019-06-11,,,Q111141695-8ADD9616-871A-4D88-B385-5F0BE731B607
Q71333232,Unyime Idem,Q1551163,PDP,Q59680985,Ukanafun/Oruk Anam,2019-06-11,,male,Q71333232-ED65E425-EB16-4E50-8C3F-9A139E7A5C7A
Q111141696,Usman Abdullahi Gbatamangi,Q4729266,APC,Q59681385,Lavun/Mokwa/Edati,2019-06-11,,,Q111141696-C2436967-D54C-4014-AFA1-C423CD4948C3
Q111141697,Usman Bello Kumo,Q4729266,APC,Q59681130,Akko,2019-06-11,,,Q111141697-0743B094-BA8C-40E1-A427-C448ED2276CB
Q35538221,Usman Ibrahim Auyo,Q4729266,APC,,,2019-06-11,,,Q35538221-A84D113C-56E9-44DA-8D4F-6BC3D3FF4500
Q35536154,Usman Shiddi,Q4729271,APGA,,,2019-06-11,2020-12-15,male,Q35536154-58E8ED7C-393A-495C-9FD7-7FE4641717C3
Q35536154,Usman Shiddi,Q4729266,APC,Q59681518,Ibi/Wukari,2020-12-15,,male,Q35536154-C688DFE3-66F7-435E-B514-469432780B1C
Q111141698,Usman Zannah,Q4729266,APC,Q59681044,Kaga/Gubio/Magumeri,2019-06-11,,,Q111141698-B8E24F04-DE43-4AA3-89C1-8AD9BA7BD0C7
Q35538106,Uzoma Nkem-Abonta,Q1551163,PDP,Q59680921,Ukwa East/Ukwa West,2019-06-11,,,Q35538106-D2BE8F4C-3691-4A9F-A188-7BC8498C3999
Q111141699,Valentine Ayika,Q1551163,PDP,Q59680963,Njikoka/Dunukofia/Anaocha,2019-06-11,2019-11-02,,Q111141699-226C882B-984F-4381-ACFA-CD2BC42E7235
Q69541341,Victor Mela Danzaria,Q4729266,APC,Q59681132,Balanga/Billiri,2019-06-11,,male,Q69541341-FC753CEF-7FCA-48E8-9452-6C3682146A45
Q35536465,Victor Nwokolo,Q1551163,PDP,Q59681073,Ika North East/Ika South,2019-06-11,,,Q35536465-0136E619-0F00-456B-A9C0-B3808DF1174D
Q111141701,Vincent Ofumelu,Q1551163,PDP,,,2019-06-11,2021-09-30,,Q111141701-74829F45-C22E-4D4D-A83D-2037C9D2DF7B
Q111141701,Vincent Ofumelu,Q4729266,APC,Q59680960,Oyi/Ayamelum,2021-09-30,,,Q111141701-B720B2DE-C9E6-4CC9-A8B5-AD72D9E588DE
Q111141702,Yakubu Nuhu Danja,Q4729266,APC,Q59681244,Bakori/Danja,2019-06-11,2019-07,,Q111141702-9D68ABBF-E9F3-4320-8988-083A3240BF4B
Q111141703,Yakubu Shehu Abdullahi,Q7165739,PRP,Q59680995,Bauchi,2019-06-11,2021-02-16,,Q111141703-209732FC-EABB-498E-B28A-1A639BF79848
Q111141703,Yakubu Shehu Abdullahi,Q4729266,APC,Q59680995,Bauchi,2021-02-16,,,Q111141703-2623BDA4-E36E-4DBA-91E0-7197FE70592C
Q111141704,Yaya Bauchi Tango,Q4729266,APC,,,2019-06-11,2022-01-22,,Q111141704-4994E8F9-94AA-4A1C-91CE-18311A1487E9
Q111141704,Yaya Bauchi Tango,Q1551163,PDP,,,2022-01-24,,,Q111141704-F5CFEA14-152F-45FE-955C-75F595F9A062
Q107547621,Yuguda Hassan Kila,Q4729266,APC,Q59681163,Gwaram,2019-06-11,2021-03-04,male,Q107547621-0C456896-C62F-4EFE-BB69-D82C5604FBB9
Q35536941,Yunusa Ahmad Abubakar,Q4729266,APC,Q59681131,Yamaltu/Deba,2019-06-11,,,Q35536941-263B69C5-5A64-4E96-8CB1-70D860B938A6
Q111141705,Yusuf Ahmad Badau,Q4729266,APC,Q59681205,Shanono/Bagwai,2019-06-11,,,Q111141705-4DF6FBDF-D26E-4B2D-9D9C-8C4210AE8A6E
Q111141706,Yusuf Ahmed Tijjani,Q4729266,APC,Q59681298,Okene/Ogori-Magogo,2019-06-11,,,Q111141706-48778ED9-9914-4941-82CB-4E7810A84D30
Q111141707,Yusuf Buba Yakub,Q4729266,APC,Q59680936,Gombi/Hong,2019-06-11,,,Q111141707-0CC2CC34-B3CB-4ECC-8315-09E308F899A7
Q111141709,Yusuf Galami,Q4729266,APC,Q59681163,Gwaram,2021-06-29,,,Q111141709-A2C15C86-4C4D-460A-BBDC-4F0C8C88A744
Q111141710,Yusuf Isah Kurdula,Q4729266,APC,Q59681506,Tangaza/Gudu,2019-06-11,,,Q111141710-FB10D9B3-8302-442B-850F-8B5FBB1A979F
Q111141711,Yusuf Sa'idu Miga,Q4729266,APC,Q59681170,Jahun/Miga,2019-06-11,,,Q111141711-8346BFCB-DB7A-4C9A-8773-EE02DD23ECBB
Q107709606,Yusuf Tajudeen,Q1551163,PDP,,,2019-06-11,,male,Q107709606-E03AC8D1-20D3-4E1D-B78D-ED9B5CFB890B
Q111141713,Yusuf Tanko Sununu,Q4729266,APC,Q59681282,Ngaski/Shanga/Yauri,2019-06-11,,,Q111141713-1D8C332A-06B1-4A90-A48F-C739BCB8E974
Q101244291,Zainab Gimba,Q4729266,APC,Q59681040,Bama/Ngala/Kala-Balge,2019-06-11,,female,Q101244291-018CCE0B-64F1-4D64-8667-DC17E0EAFE77
Q111141715,Zakaria Dauda Nyampa,Q1551163,PDP,Q59680939,Madagali/Michika,2019-06-11,,,Q111141715-EA19BBE9-9C9B-4DDD-BFF6-B357F3C41AE5
Q107001123,Zakariyau Galadima,Q4729266,APC,Q59681526,Bade/Jakusko,2019-06-11,,male,Q107001123-3ECDCBF5-E907-40FE-90E9-FBBCCEC940CA
Q104531233,Zayyad Ibrahim,Q4729266,APC,Q59681179,Igabi,2019-07-03,,male,Q104531233-1EEC13AE-5FA6-470A-A29E-C3FF320566B7
